{
  "n_providers": 70,
  "k": 2,
  "pca_explained_var": [
    0.16647671048447563,
    0.31386822772459444,
    0.4484412861577026,
    0.5485712639032192
  ],
  "axes_top_loadings": {
    "axis_1": {
      "own_model_share": 0.5809054591604923,
      "log_time_to_list": -0.47349699873365697,
      "reject_rate": -0.4615832448079214,
      "log_latency": 0.26862844395555413,
      "lowprec_share": -0.21729816498194596
    },
    "axis_2": {
      "log_tps": 0.505809285013041,
      "price_pctile": 0.4864092846448343,
      "deranked_share": 0.2981985581686216,
      "lowprec_share": -0.2770680037719568,
      "tool_err": -0.2701344336426967
    },
    "axis_3": {
      "log_or_tokens": 0.5545595174613075,
      "n_models": 0.529680142093661,
      "share_cheapest": 0.3482382594427155,
      "tool_err": -0.24104867083430048,
      "reprice_per_model": 0.22581961750813878
    },
    "axis_4": {
      "log_latency": 0.4878731037556808,
      "share_cheapest": -0.44144257819352245,
      "log_tps": -0.43154331086088266,
      "price_pctile": 0.35862059902334886,
      "n_models": 0.2878323517235556
    }
  },
  "cluster_profiles": [
    {
      "cluster": 0,
      "n_models": 7.0,
      "reject_rate": 0.053,
      "fortuna_mean": NaN,
      "deranked_share": 0.0,
      "byok_share": 0.0,
      "own_model_share": 0.0,
      "lowprec_share": 0.655,
      "log_time_to_list": 3.602,
      "price_pctile": 0.532,
      "share_cheapest": 0.192,
      "log_latency": 6.87,
      "log_tps": 3.714,
      "tool_err": 4.024,
      "log_or_tokens": 18.905,
      "reprice_per_model": 0.0
    },
    {
      "cluster": 1,
      "n_models": 2.0,
      "reject_rate": 0.001,
      "fortuna_mean": NaN,
      "deranked_share": 0.0,
      "byok_share": 0.0,
      "own_model_share": 1.0,
      "lowprec_share": 0.0,
      "log_time_to_list": 0.004,
      "price_pctile": 0.625,
      "share_cheapest": 0.667,
      "log_latency": 7.079,
      "log_tps": 3.876,
      "tool_err": 3.139,
      "log_or_tokens": 17.139,
      "reprice_per_model": 0.0
    }
  ],
  "cluster_members": {
    "0": [
      "AkashML",
      "Amazon Bedrock",
      "Ambient",
      "AtlasCloud",
      "Azure",
      "Baidu Qianfan",
      "Baseten",
      "Cerebras",
      "Chutes",
      "Claude Platform on AWS",
      "Cloudflare",
      "Decart",
      "DeepInfra",
      "DekaLLM",
      "DigitalOcean",
      "Fireworks",
      "Friendli",
      "GMICloud",
      "Google Vertex",
      "Groq",
      "Inceptron",
      "Ionstream",
      "MARA",
      "Mancer",
      "ModelRun",
      "Morph",
      "Nebius Token Factory",
      "NextBit",
      "NovitaAI",
      "OpenInference",
      "Parasail",
      "Phala",
      "Poolside",
      "Reka AI",
      "SambaNova",
      "Seed",
      "SiliconFlow",
      "StreamLake",
      "Together",
      "Venice",
      "Wafer",
      "Weights & Biases",
      "Xiaomi",
      "io.net",
      "xAI"
    ],
    "1": [
      "AI21",
      "AionLabs",
      "Alibaba",
      "Alibaba Cloud",
      "Anthropic",
      "Arcee AI",
      "Cohere",
      "DeepSeek",
      "Google AI Studio",
      "Inception",
      "Inflection",
      "Meta",
      "MiniMax",
      "Mistral",
      "Moonshot AI",
      "Nex AGI",
      "OpenAI",
      "OpenAIAdapter",
      "Perceptron",
      "Perplexity",
      "Relace",
      "Sakana",
      "StepFun",
      "Upstage",
      "Z.ai"
    ]
  }
}