{
  "evidence_status": "provisional_descriptive",
  "n_linked_reactions": 203,
  "min_linked_reactions": 100,
  "state_only_holdout": {
    "n_train": 142,
    "n_test": 61,
    "mae": 0.14988718896489361,
    "rmse": 0.24780662173294163,
    "coefficients": {
      "gap_to_rival_new": -0.543850466614533
    },
    "intercept": -0.05337692036870568
  },
  "brown_mackay_holdout": {
    "n_train": 142,
    "n_test": 61,
    "mae": 0.1438699982943912,
    "rmse": 0.24852085242881464,
    "coefficients": {
      "gap_to_rival_new": -0.590014401102484,
      "rival_dlog": -0.09826313078054277,
      "lag_hours": 0.0010390772883175448,
      "is_fast": -0.35638297863197954,
      "fast_x_rival_dlog": 0.18704031392343995
    },
    "intercept": 0.3033176363144033
  },
  "n_provider_specific_slopes": 5,
  "claim_boundary": "This is a predictive temporal holdout. The Brown-MacKay feature set winning does not prove strategic observation; both models omit latent common shocks and costs."
}