{
  "n_matched_endpoints": 723,
  "hedonic": {
    "n_obs": 425,
    "r2_model_fe": 0.9559324342063995,
    "r2_quality": 0.9586594536051994,
    "within_model_var_explained_by_delivered_quality": 0.06188268740716224,
    "coef_log_throughput": 0.047348422011603664,
    "coef_tool_err": 0.00022648369831544668
  },
  "lemons": {
    "n_obs": 520,
    "chi2": 2.925396384935021,
    "pvalue": 0.08719580842083215,
    "share_bad_given_cheap": 0.41044776119402987,
    "share_bad_given_expensive": 0.3238341968911917,
    "interpretation": "cheap&bad overrepresented + p<0.05 = lemons discount"
  },
  "quantization_curve": {
    "n_obs": 326,
    "discount_vs_bf16": {
      "fp16": 0.9923,
      "fp4": 0.051,
      "fp8": 0.0381,
      "int8": -0.6489,
      "unknown": 0.255
    }
  }
}