{
  "n_providers": 71,
  "k": 2,
  "pca_explained_var": [
    0.1925037598617289,
    0.3253821631395011,
    0.44817535047455764,
    0.5582307435965699
  ],
  "axes_top_loadings": {
    "axis_1": {
      "reject_rate": 0.5001510209193221,
      "own_model_share": -0.4479359930558613,
      "fortuna_mean": -0.4447552024246452,
      "share_cheapest": -0.3103504809755141,
      "log_time_to_list": 0.3074209653268029
    },
    "axis_2": {
      "log_or_tokens": 0.5658146431779867,
      "n_models": 0.4919559841312475,
      "tool_err": -0.3490549025755754,
      "log_time_to_list": -0.3109698716143321,
      "deranked_share": 0.2684203282995555
    },
    "axis_3": {
      "lowprec_share": 0.5307508367812767,
      "price_pctile": -0.482181548520133,
      "log_tps": -0.33364300616960957,
      "own_model_share": -0.27576797367073513,
      "reprice_per_model": 0.26521714410902636
    },
    "axis_4": {
      "log_latency": 0.4955469754791796,
      "tool_err": -0.4375047395263474,
      "log_tps": -0.3525422881447119,
      "fortuna_mean": -0.32193377482815444,
      "reject_rate": 0.3148391800770861
    }
  },
  "cluster_profiles": [
    {
      "cluster": 0,
      "n_models": 5.0,
      "reject_rate": 0.08,
      "fortuna_mean": 0.901,
      "deranked_share": 0.0,
      "byok_share": 0.0,
      "own_model_share": 0.0,
      "lowprec_share": 0.708,
      "log_time_to_list": 3.791,
      "price_pctile": 0.552,
      "share_cheapest": 0.101,
      "log_latency": 6.799,
      "log_tps": 3.694,
      "tool_err": 3.661,
      "log_or_tokens": 18.58,
      "reprice_per_model": 0.0
    },
    {
      "cluster": 1,
      "n_models": 4.0,
      "reject_rate": 0.002,
      "fortuna_mean": 0.995,
      "deranked_share": 0.0,
      "byok_share": 0.0,
      "own_model_share": 1.0,
      "lowprec_share": 0.0,
      "log_time_to_list": 0.525,
      "price_pctile": 0.615,
      "share_cheapest": 0.677,
      "log_latency": 7.074,
      "log_tps": 3.773,
      "tool_err": 3.895,
      "log_or_tokens": 19.756,
      "reprice_per_model": 0.0
    }
  ],
  "cluster_members": {
    "0": [
      "AkashML",
      "Ambient",
      "Baidu Qianfan",
      "Baseten",
      "Cerebras",
      "Chutes",
      "Clarifai",
      "Cloudflare",
      "Decart",
      "DekaLLM",
      "DigitalOcean",
      "Fireworks",
      "Friendli",
      "GMICloud",
      "Groq",
      "Inceptron",
      "Ionstream",
      "MARA",
      "Mancer",
      "ModelRun",
      "Nebius Token Factory",
      "NextBit",
      "Phala",
      "Reka AI",
      "SambaNova",
      "StreamLake",
      "Together",
      "Venice",
      "Wafer",
      "io.net"
    ],
    "1": [
      "AI21",
      "AionLabs",
      "Alibaba",
      "Alibaba Cloud",
      "Amazon Bedrock",
      "Anthropic",
      "Arcee AI",
      "AtlasCloud",
      "Azure",
      "Claude Platform on AWS",
      "Cohere",
      "DeepInfra",
      "DeepSeek",
      "Google AI Studio",
      "Google Vertex",
      "Inception",
      "Infermatic",
      "Inflection",
      "MiniMax",
      "Mistral",
      "Moonshot AI",
      "Morph",
      "Nex AGI",
      "NovitaAI",
      "OpenAI",
      "OpenAIAdapter",
      "Parasail",
      "Perceptron",
      "Perplexity",
      "Poolside",
      "Relace",
      "Sakana",
      "Seed",
      "SiliconFlow",
      "StepFun",
      "Switchpoint",
      "Upstage",
      "Weights & Biases",
      "Xiaomi",
      "Z.ai",
      "xAI"
    ]
  }
}