{
  "br": {
    "n_obs": 300,
    "r2": 0.573021249800703,
    "price_vs_n1": {
      "n=2": -0.32894871412209825,
      "n=3": -0.610830545124319,
      "n=4": -1.0135265517475904,
      "n=5+": -1.1249293405340355
    },
    "se": {
      "n=2": 0.26074104643817525,
      "n=3": 0.3272003237002215,
      "n=4": 0.3975499813907206,
      "n=5+": 0.2901824480593018
    }
  },
  "gpu_h100_usd_hr": 2.175119168681059,
  "median_naive_markup": 0.11800898254032072,
  "markup_slope_note": "levels overstated (single-stream cost bound); use slope/ordering"
}