{
  "global": {
    "n_apps": 8,
    "hhi": 2122.045782866473,
    "top1_share": 0.30438151883600406,
    "top3_share": 0.6952223436308069,
    "zipf": {
      "n": 8,
      "slope": -1.0055308296315033,
      "r2": 0.8800036777150397
    }
  },
  "per_model": {
    "n_models": 304,
    "median_hhi": 3197.113330768684,
    "p90_hhi": 5970.910596673283
  },
  "multihoming": {
    "n_apps_in_any_top_list": 41,
    "median_models_per_app": 4.0,
    "max_models_per_app": 155
  }
}