{
  "n_pairs": 525,
  "median_effective_over_listed_input": 0.9298497189103705,
  "p10": 0.3861161392683933,
  "p90": 0.9998936086336837,
  "median_cache_hit_rate": 0.21548689571540344,
  "platform_take_rate_openrouter": 0.055,
  "note": "comparator take rates (aggregators, LPs, solvers) cited in memo"
}